Item_Name,Category,Location,Date_Lost,Status
Mobile,Electronics,Library,2026-01-02,Found
ID Card,Documents,Canteen,2026-01-03,Unclaimed
Wallet,Accessories,Ground,2026-01-04,Returned
Book,Study,Classroom,2026-01-05,Found
Charger,Electronics,Hostel,2026-01-06,Unclaimed
Headphones,Electronics,Library,2026-01-07,Found
Bag,Accessories,Canteen,2026-01-08,Returned
Notebook,Study,Classroom,2026-01-09,Found
Pen,Stationery,Ground,2026-01-10,Unclaimed
Watch,Accessories,Library,2026-01-11,Returned
Mobile,Electronics,Library,2026-01-02,Found
ID Card,Documents,Canteen,2026-01-03,Unclaimed
Wallet,Accessories,Ground,2026-01-04,Returned
Book,Study,Classroom,2026-01-05,Found
Charger,Electronics,Hostel,2026-01-06,Unclaimed
Headphones,Electronics,Library,2026-01-07,Found
Bag,Accessories,Canteen,2026-01-08,Returned
Notebook,Study,Classroom,2026-01-09,Found
Pen,Stationery,Ground,2026-01-10,Unclaimed
Watch,Accessories,Library,2026-01-11,Returned
Mobile,Electronics,Library,2026-01-02,Found
ID Card,Documents,Canteen,2026-01-03,Unclaimed
Wallet,Accessories,Ground,2026-01-04,Returned
Book,Study,Classroom,2026-01-05,Found
Charger,Electronics,Hostel,2026-01-06,Unclaimed
Headphones,Electronics,Library,2026-01-07,Found
Bag,Accessories,Canteen,2026-01-08,Returned
Notebook,Study,Classroom,2026-01-09,Found
Pen,Stationery,Ground,2026-01-10,Unclaimed
Watch,Accessories,Library,2026-01-11,Returned
Mobile,Electronics,Library,2026-01-02,Found
ID Card,Documents,Canteen,2026-01-03,Unclaimed
Wallet,Accessories,Ground,2026-01-04,Returned
Book,Study,Classroom,2026-01-05,Found
Charger,Electronics,Hostel,2026-01-06,Unclaimed
Headphones,Electronics,Library,2026-01-07,Found
Bag,Accessories,Canteen,2026-01-08,Returned
Notebook,Study,Classroom,2026-01-09,Found
Pen,Stationery,Ground,2026-01-10,Unclaimed
Watch,Accessories,Library,2026-01-11,Returned
Mobile,Electronics,Library,2026-01-02,Found
ID Card,Documents,Canteen,2026-01-03,Unclaimed
Wallet,Accessories,Ground,2026-01-04,Returned
Book,Study,Classroom,2026-01-05,Found
Charger,Electronics,Hostel,2026-01-06,Unclaimed
Headphones,Electronics,Library,2026-01-07,Found
Bag,Accessories,Canteen,2026-01-08,Returned
Notebook,Study,Classroom,2026-01-09,Found
Pen,Stationery,Ground,2026-01-10,Unclaimed
Watch,Accessories,Library,2026-01-11,Returned
Mobile,Electronics,Library,2026-01-02,Found
ID Card,Documents,Canteen,2026-01-03,Unclaimed
Wallet,Accessories,Ground,2026-01-04,Returned
Book,Study,Classroom,2026-01-05,Found
Charger,Electronics,Hostel,2026-01-06,Unclaimed
Headphones,Electronics,Library,2026-01-07,Found
Bag,Accessories,Canteen,2026-01-08,Returned
Notebook,Study,Classroom,2026-01-09,Found
Pen,Stationery,Ground,2026-01-10,Unclaimed
Watch,Accessories,Library,2026-01-11,Returned
Mobile,Electronics,Library,2026-01-02,Found
ID Card,Documents,Canteen,2026-01-03,Unclaimed
Wallet,Accessories,Ground,2026-01-04,Returned
Book,Study,Classroom,2026-01-05,Found
Charger,Electronics,Hostel,2026-01-06,Unclaimed
Headphones,Electronics,Library,2026-01-07,Found
Bag,Accessories,Canteen,2026-01-08,Returned
Notebook,Study,Classroom,2026-01-09,Found
Pen,Stationery,Ground,2026-01-10,Unclaimed
Watch,Accessories,Library,2026-01-11,Returned
Mobile,Electronics,Library,2026-01-02,Found
ID Card,Documents,Canteen,2026-01-03,Unclaimed
Wallet,Accessories,Ground,2026-01-04,Returned
Book,Study,Classroom,2026-01-05,Found
Charger,Electronics,Hostel,2026-01-06,Unclaimed
Headphones,Electronics,Library,2026-01-07,Found
Bag,Accessories,Canteen,2026-01-08,Returned
Notebook,Study,Classroom,2026-01-09,Found
Pen,Stationery,Ground,2026-01-10,Unclaimed
Watch,Accessories,Library,2026-01-11,Returned
Mobile,Electronics,Library,2026-01-02,Found
ID Card,Documents,Canteen,2026-01-03,Unclaimed
Wallet,Accessories,Ground,2026-01-04,Returned
Book,Study,Classroom,2026-01-05,Found
Charger,Electronics,Hostel,2026-01-06,Unclaimed
Headphones,Electronics,Library,2026-01-07,Found
Bag,Accessories,Canteen,2026-01-08,Returned
Notebook,Study,Classroom,2026-01-09,Found
Pen,Stationery,Ground,2026-01-10,Unclaimed
Watch,Accessories,Library,2026-01-11,Returned
Mobile,Electronics,Library,2026-01-02,Found
ID Card,Documents,Canteen,2026-01-03,Unclaimed
Wallet,Accessories,Ground,2026-01-04,Returned
Book,Study,Classroom,2026-01-05,Found
Charger,Electronics,Hostel,2026-01-06,Unclaimed
Headphones,Electronics,Library,2026-01-07,Found
Bag,Accessories,Canteen,2026-01-08,Returned
Notebook,Study,Classroom,2026-01-09,Found
Pen,Stationery,Ground,2026-01-10,Unclaimed
Watch,Accessories,Library,2026-01-11,Returned
